{"MSE": 2.4562561371444174, "_timestamp": 1685989338.9373593, "_runtime": 7.622574329376221, "_step": 0, "_wandb": {"runtime": 7}}