{"MSE": 2.4531359513257023, "_timestamp": 1685989374.4939418, "_runtime": 12.846219778060913, "_step": 0, "_wandb": {"runtime": 12}}