{"MSE": 2.453540753387775, "_timestamp": 1685989284.0824833, "_runtime": 27.60533833503723, "_step": 0, "_wandb": {"runtime": 27}}