{"MSE": 2.4531359513257023, "_timestamp": 1685989402.6211603, "_runtime": 12.903839349746704, "_step": 0, "_wandb": {"runtime": 12}}