{"MSE": 2.454507191207309, "_timestamp": 1685989319.6000032, "_runtime": 10.036680221557617, "_step": 0, "_wandb": {"runtime": 9}}