{"MSE": 2.453983836538874, "_timestamp": 1685989190.52945, "_runtime": 11.116946935653687, "_step": 0, "_wandb": {"runtime": 10}}